{"cameraMode":{"drawMode":0,"name":"Shaded","section":"Shading Mode"},"sceneLighting":true,"audioPlay":false,"sceneViewState":{"m_AlwaysRefresh":false,"showFog":true,"showSkybox":true,"showFlares":true,"showImageEffects":true,"showParticleSystems":true,"showVisualEffectGraphs":true,"m_FxEnabled":true},"in2DMode":false,"pivot":{"x":69.43450927734375,"y":3.749411106109619,"z":68.23535919189453},"rotation":{"x":0.005219480488449335,"y":0.9889571666717529,"z":-0.14371493458747865,"w":0.03591527044773102},"size":1.752472996711731,"orthographic":false}