{"cameraMode":{"drawMode":0,"name":"Shaded","section":"Shading Mode"},"sceneLighting":true,"audioPlay":false,"sceneViewState":{"m_AlwaysRefresh":false,"showFog":true,"showSkybox":false,"showFlares":true,"showImageEffects":true,"showParticleSystems":true,"showVisualEffectGraphs":true,"m_FxEnabled":true},"in2DMode":false,"pivot":{"x":5.357412815093994,"y":1.7502555847167969,"z":1.0496950149536133},"rotation":{"x":-0.09163286536931992,"y":-0.032260484993457797,"z":0.002970706205815077,"w":-0.9952672719955444},"size":3.018832206726074,"orthographic":false}